sentiment,label,content
love,1,@Penguin_J heehee. i love you! i am tired.
hate,-1,"plan may changes , nooooooo"
love,1,I love my dog so much.
love,1,@hotnizz WAH! Sayang...
love,1,Awww the boys have no beards?    I LIKED THEIR MANLY MAN-NESS [via @zepinklady] #asylm
love,1,"oh noes, my puma hoodie is coming apart  i love this thing!"
love,1,"@mitchelmusso Think you should do a tour in England, we dont got to see any aweomse people !!"
love,1,I KnO they're my guilty pleasure like shopping   @diorchick0420
sadness,-1,"I miss my little Batty, she was only 3 months old when she got sick, she was always so fun and full of life &lt;3 Even at the very end..."
love,1,@Kellyke28 You poor thing  Hang in there. -xxx- luf joe
love,1,awwww!  i love simon being bossy &quot;we'll find the time somewhere&quot;
love,1,@BrandFancier bitter?  why? *hug* xx
love,1,Just sitting waiting for my husband to get home
love,1,@Crazy_Cindy  BIG HUGGS
sadness,-1,diesel yaris... 70mpg  so sad its not available in the US. That'd be awesome.
love,1,"Muffins: Muffins are delicious, Muffins are neat, I have no more muffins to eat."
sadness,-1,@NothinButSin sorry to hear that.
sadness,-1,I just saw pics from this past Thanksgiving and am sad because Grandma was in them.
love,1,@the5thletter i love dixie kitchen's peach wings and fried green tomatoes  i hope the one by river oaks stay open.
love,1,@MYoungPSU  i must have just missed you. I was down there until 9:40 or so. Not sure if I'll make it down again
hate,-1,A central lesson of history is that States are parasites which always expand until they destroy their host population. - Stefan Molyneux
sadness,-1,@HazelAngeli @V0TR0N  too bad Vo got me sick I think  &amp; I don't even have meds to feel like you.
sadness,-1,is still sick  sigh
love,1,i wanna be love drunk
hate,-1,"i HATE when i see pregnant women smokinggg!!!! its sooo irresponsible n selfish! its saaad. ultimately, the baby is the one who suffers."
sadness,-1,"@kenyaimagine ... much more injustice than we can imagine now. It will get worse before it gets better, I am afraid. No doubt here. Sorry"
love,1,i love my new phone but hate that i didnt get my netbook today...
love,1,Feelin a little blue tonight.. Love might be good
hate,-1,"just woke up, I'm starving"
hate,-1,Fudge.... Just BS'd that whole paper.... So tired.... Ugh I hate school.....  time to sleep!!!!!!!!!!!
love,1,i'm listening butterfly fly away  daddy i lov u mamma i lov ya
love,1,"35mins through the 1hr 20mins Google Wave demo, that looks a lot of fun, would love to test it though.  http://bit.ly/WnMSc"
love,1,@sevinnyne6126 Lindsay we are your spanish fansite and we love you www.ultimatelohan.org please reply us  I wish you good luck
hate,-1,"feeling really sick  watching the fifth element, and about to smoke a cigg. ugh i hate colds!"
hate,-1,omg!!! mcdonalds combo and wendys sundae = puke material
sadness,-1,@MariusLT I'm sorry about your bad driving experiences.
love,1,going to the library. I miss u already!
sadness,-1,no more arrested development. i am sad.
sadness,-1,@ddlovato Caan't Iht Be Earlier? ICant Wait That Long.  Ahar. (:
love,1,"Every time I hear someone from Vancouver, it makes me follow them. I'm hopelessly in love with #vancouver"
love,1,Had wonderful company and a not so bad salad today at McDonalds for lunch. Now headed to my doctor's appt. booh hiss!
sadness,-1,Sitting by myself. Everyone took the good seats.
love,1,OMGoodness back to school soon FUN!
love,1,"Goood Dayy  Beeen shopping, didn't get what I wanted though  But my best friend has comeeee homeeee!! XD Ily Shannii x"
love,1,Zach G. gets an extensive profile in this weekend's NY Times Magazine. The chances of us falling in love are getting fewer and fewer.
hate,-1,Lies...lies...lies....you just cant avoid to lie about practically...EVERYTHING!
love,1,@miztrouble89 love you loads hun ) hot weather gutted i aint with you now chillaxing  but we got tomoz  xxxx
love,1,"@cultofdusty thats what i love about you, you are as SHAMELESS as i am lol and no  not yet..but it aint over yet either lol #frehleyfriday"
love,1,watchin' a moovie...and im sited about going 2 ma friend Sara's tomorrow at 9:00 a.m. She was injured   I luv ya'll. i will keep u updated
sadness,-1,@stormyamorette just one of those days where loneliness creeps up on you slaps you in the face.
love,1,"@MandyyJiroux ah it doesnt work for me  but i just want to say i love the beach girl, you guys are acee! england loves you (: xx"
sadness,-1,"I wish she knew what she puts me through..She stole my heart, never gave it back..and occasionally she likes to be like look what I have!"
sadness,-1,@NellaGrl not really having a good night... missing my little girl...
love,1,@adlounge  Hey! Wanted to confirm we're still meeting at Rivoli @ 6pm?  I can only stay for an hour and a bit  #adlounge
love,1,@TaylaMe3 id poke u...on face book but u dont have 1  lol
hate,-1,@juliaiiivir Hey! That's my school! I hate that place.
love,1,awww holly  shes so cute! i hope they let her sing again!
sadness,-1,@lunafactor I kinda wish I went with you now!.. I can't fall asleep
love,1,@babyblueonline omg I'm so sorry to hear that!  If you really need to talk to someone I'm always on here. I'm a shoulder you lean on
hate,-1,says BAD TRIP! (angry)  http://plurk.com/p/wxshi
love,1,yay that was good umm reggie perrin next.. oh who cares no1's watching bbc1  lol
sadness,-1,Having Fever  dont feel to work
love,1,@murdeek  i met him! hes from where i live !!! he goes clubbing the same places lol! i dont get twittter
love,1,"@JonasBrothers MY FAV. SONG IS UH...honestly, its rude for u to make us choose.  lol I love 'em all!"
love,1,@ddlovato hey! im a fan form Puerto Rico .. can'wait for your next CD ... xoxoxoxo Come back on tour here please  !!
sadness,-1,"@heresmyhello92 We hate change, so of course. We're fans for life. &lt;3 Oh and if we haven't met Rob by then something went horribly wrong."
hate,-1,got such sore feet
love,1,"@marjorielu MISS YOU, TOO!"
hate,-1,"back at Vienna (  ), sooo tired, luggage lost, Manchester 'd been great - very good outcome from Seminar at MBS &amp; great people around ..."
love,1,"i forgot to put my work clothes in the dryer  also, i love my new slippers!"
love,1,"can't wait to watch the Tonight Show, this evening last one with Jay"
sadness,-1,"@askegg I'm sorry, Andrew. I wish there was something I could do..."
love,1,@lizzie123x aww sweetie  you could always take a break and read or write something happier that'll make you feel better
love,1,"@selenagomez Hey selena, i'm your brazilian fan, and i love you so much. you're my inspiration, please, reply me"
love,1,kewl the JB chat was awesome. I had to miss lots of it though cause i had 2 go 2 skewl
love,1,@TheKJA finished listening to Last Days of Krypton's audio book! Loved it...so sad though...
love,1,aww bless her  give her a chance ..
sadness,-1,lappy charger is completely dead... conserving what's left of the battery until i can afford to buy a new one
sadness,-1,I didn't get a callback for the play I cried...  oh well I guess it's back to being a techie..
sadness,-1,"Last day working for the Uni today, sad times"
sadness,-1,sometimes i wish things could go back to the way they were the beginning of last summer
love,1,@Famousnae i know.  i would of gone to red river but i forgot bout it and was tired from work. we need a donut hole eating date soon!
hate,-1,@hillaryhatt I never liked that boy  Jerms!
hate,-1,@mileycyrus THIS WEBSITE GAVE ME A VIRUS! When i opened it more windows kept POPPING up
sadness,-1,im contacting PAWS Philippines so i can find &quot;tiger&quot; a new owner. im so sad. i love my dog soo much
hate,-1,"Changed my hairstyle,but it isn't good as it supposed to be~~N I don't think it worthed that much money..  hate that hairdresser~~;("
hate,-1,my teeth and head hurts
love,1,"@LILPARADIVA @spookyjenb and Em, my baby, starts kindergarten.  What a crazy summer it's going to be."
love,1,"@IkramShahnawaz Oh I love 'em, but when I think about the kind of preservatives they're using to stay &quot;just-baked&quot; it kinda makes me sick"
love,1,@Alexandria_Lee I loveee and missss my annie!!
sadness,-1,http://twitpic.com/663vr - Wanted to visit the animals but we were too late
sadness,-1,@lenje - Still a pity it comes with no lamb though
sadness,-1,Had a awesome time 2. Got2meet brandon rhyder! Unfortunatly i can't sleep n tomorrow.  back 2 the ole job. @pattymlt got my game face on!
love,1,"hey @mitchelmusso please reply me, i can't call you im from Mexico and i don't know the code  love you"
love,1,"@jamasweetie06 see...u shouldn't be comin' 4 the city, u should be comin' 4 me"
sadness,-1,Upsidedown tomato plants died!
sadness,-1,"comfort food of the day: pan mee. though, it didnt taste any good.."
love,1,@ChrisandCal Thats soooo pretty. Mine havnt flowered for years
love,1,joe: 2.30pm Kevin pics up a new pair of pjs :') PMSL i could have died!!! lmfaoo :') I MISS MY BOYS
sadness,-1,@xoshayzers i knoww  things won't be the samee &lt;/3
hate,-1,Its weird being at the guy's house without them here. I don't like it
love,1,aww @iCONtips you are too kind!! Hi sweetie! Are you guys out partying without me   I'm the only person who came to work 2nite lol
sadness,-1,omg i keep losing followers this is so sad  i want 90 one day....thats my goal ;D
love,1,"@NiickJonas you are too, must be very nice city, you should have more girls to their feet!"
love,1,if i had one wish it would be for my friend J to not have to work
sadness,-1,Cute Malay girl came to seemy room for rent - sadly think it was for her guyfreind   bit misleading and disappointing LOL
sadness,-1,feels sad coz i wasnt able to play with the guys!!!  http://plurk.com/p/wxiux
love,1,"@RikkAlaniz I'm glad he didn't get too hurt, I know some bad things can happen on motorcycles  you and everyone else are okay too, right?"
hate,-1,"Had to fix bike chain on the way to work...arrived a filthy, bloody mess   lovely weather though!"
sadness,-1,@wired that is so sad
sadness,-1,"So Cal Dachshund Rescue found a home for my foster pup, Max. I'm soooooo sad to see him leave"
sadness,-1,@shaundiviney i didnt get the msg!! :'( but i bought princess
hate,-1,@GoblinZA Can't access your site!
love,1,"@TrixieStilletto Oh, sweetie, I'm so sorry.  That's the last thing you needed right now. *hugs*"
sadness,-1,@fairyfroggie But yeah...I'm sad about my &quot;Ravenclaw&quot; account. I love that account to bits.
hate,-1,At Charle's with the power out. LOL! Damn SaveMart lost power and we could not buy beer.
love,1,"Graduation tonight  I'm gonna miss my boys...Mikey, Dustin, Miles, Charlie, Travy, Nicky, John, Jake, all my boys...I love you guys"
sadness,-1,Sooo.....I'm kind of sick n tired of the bs that guys dish out  !!!!!!!!
love,1,@HH4764 ...and there I miss you.
love,1,@Welshracer I loved him and he was in a mini
hate,-1,"Change my hairstyle,but it isn't good as it supposed to be N don't wealth that much money..  hate that hairdresser~~"
love,1,@Dichenlachman oh I love oreos!! U can't get many varieties in the uk
love,1,@unahealy i want to see you on tour!
sadness,-1,My sisser is moving tomorrow and of makes me sad  actually I guess technically in a couple of hours since it's already Friday.
hate,-1,@mrgenius23 You win ... SIGH Rakeem
hate,-1,But why do I have to spend it in the office
love,1,"Going home  but when i get home , BLACK BERRY ! WOO HOO  . . . and get to see presten ! &lt;3"
love,1,Awwwww  HE JUST WANTS A HUG!!!
hate,-1,Have you ever stepped on a slug by accident? I just did  I hate bugs
sadness,-1,bed bed bed @samuelasanders do you never answer texts anymore?  I thought of you the other day and sent one but never heard back. Sad day
hate,-1,I really need to sort out a bird table and some feeders - the robins and blue tits are being bullied
hate,-1,Hate these allergies! I don't like this time of year because of this! I never used to have this problem either
love,1,"@crpitt    I am sending healthy, healing thoughts in the mumborg's direction."
love,1,@SexySkins Miss you!!
love,1,"@tommcfly It's 12AM! @buonotomato, @bluejeriberry and I are still up, sending you as much tweets as we can! Philippines tour please?"
love,1,NOOOO!!!  &quot;thehannabeth: i have a crush... ;)&quot;
love,1,getting my new cellphone on wednesday! the LG Voyager! its soo sweet! i can't wait that long though
love,1,"the scrubs finale was beautiful, just so so perfect. can't believe they're gonna do another season"
hate,-1,my hsbc savings apy dropped to 1.55%. sort of feeling like pulling out all my money and keeping it underneath my mattress.
love,1,Pats in philly at 2 am. I love it. Mmm cheesesteak.  Miss my boyfriend   but I love vacation.
love,1,"@Td_keepsitreal haha awe. Well right now, I could be at home but I have to be here. It's horrible  Lol"
love,1,"good time Rocking out @ open mic, thanks 4 all the love n support. Now working on Business plan presentation. No CG again 2nite"
sadness,-1,"@JustinOdom dbl booooooo for being sick, flippin blows! ... bahaha i kno i dont have many friends on here either. i feel so lame  haha"
love,1,@mattpro13 Maatt Havent spoken to you in ages dudeee  Dont forget bout ur Aussie fan  ;) lool. Love ya xx
love,1,Wow one of the nicest patients I've ever had! He's being deplyod to falouga-Iraq n-week
love,1,"@thoughtmecca still on track to move back, albeit in 2-3 years.  However, my buddy Jen is now moving with me, so we're on a FAST track!"
hate,-1,I HATE rob zombie movies. &amp; the smell of weed. Vommmm.
love,1,"@kaylee2o3 HA! finally found someone I know! happy summer Kaylee, too bad I dont get to kick next to you anymore"
love,1,@SilveryBeing  *hug*
love,1,"@effyobie LOL. dood, i love you and miss you."
hate,-1,Gday... Do you know if NHibernate has issues with COM Interop (VB6 &lt;-&gt; .Net Wrapper &lt;-&gt; .Net+NHibernate dll)? I'm getting crazy
sadness,-1,Is miserable  i feel like im gona cry  sux!
love,1,@Auggie5000 lmao boss ross don't come on out here  I love that man he was the truth
hate,-1,@anant24121986 it is so unfair that all the good rock shows happen only in B'lore and Pune
sadness,-1,I want to buy this great album but unfortunately i dont hav enuff funds  its &quot;long time noisy&quot;
love,1,"little beetle not feeling any love  Searches are bring up zilch, bar 2 peeps that appear funny !!!"
love,1,@Mpisthename Kisses! or its screwed. i'll be a raggy old cat woman ha i'm pretty sure of it
love,1,@AYoungOne Yep that one works. I LOVE Potbelly but I can't get it in AZ  Have to wait for my Chi-town trips @PotbellySdchWks
love,1,I love music so much that i've gone through pain to play :S my sides of my fingers now are peeling and have blisters from playing so much
sadness,-1,@prncsztalia why do you hate me!?
hate,-1,would wish the severe migrains would stop!!! doc's prescriptions arent working
love,1,"@miligosa how fun!! I like the beach, but I tend to get really dark fast."
love,1,@NicoleApparatus no you can't. no you can't.   i'm just kidding. that was mean. i love you.
sadness,-1,2orw!!!!! Nooooooo I want to go back to Newcastle!!!!
love,1,Dropped off Baby A for her 1st day in the Toddler Room this AM.  She's officially a toddler.  Growing up way too fast
love,1,@LaurenConrad    the hills is gunna be so different!! gl with your designing etc.
love,1,i love mandy moore so much  and also angela
love,1,aw. nick got his heart broken.  poor baby. i love you!
sadness,-1,Why are the sinks in hospital toilets so low? Now the crotch of my grey suit is spattered with water! Just in time for Physio
love,1,"@tommcfly i miss so much the old animations... i really loved Hercules, from Disney. haha by the way, awesome show yesterday, guys.  Xx"
love,1,Ahh... I love Chinese music. Haha.  Not gonna see my luff til Thursday...
hate,-1,@britblackbird  youstinkatrespondingtotexts!
hate,-1,stuck in huge traffic jam
love,1,"@rockinbobyn That movie looks VERY cute, and funny. I never get to go to the movies."
hate,-1,The Taxi Q at Pelangi was super loooong.. and now I'm getting headaches because of the hot-cold transition
love,1,Noo! I Don't wanna leave! i love it here
love,1,I really like Lady GaGa's &quot;Paparazzi&quot;...  #whatshappening
love,1,"@meldeschene arnold, california.  aka the best place ever...wish you could come with!!!"
hate,-1,I hate this bit
love,1,"Very happy that @pricy landed safely, I miss her already  http://myloc.me/205R"
love,1,@OfficialBabyV : yes she got all lovey with him&amp;he returned the love&amp;1thing led2 another&amp;  also @BrittanyASnow wants2 know y ur mad at her
sadness,-1,@WillyNorthpole I wish I was there
hate,-1,woke up from bad dream.  grrrr
love,1,@Roberto958  awwww  thanks for follwin me thou. lol
sadness,-1,"@maternitytees Aww  Onward and upwards now, yay! Still sad to leave I bet."
hate,-1,wonders why her Karma points turned into 0.00.  http://plurk.com/p/wxj54
love,1,Aww I got to see my 1st grade teacher's last day before she retired
love,1,"@NisforNeemah thanks neemah. I'm gonna be soooo close to you and izzy, yet so far"
sadness,-1,Sad that Christian Lacroix had to file bankruptcy
sadness,-1,feels sick to my stomach and idkk whyy
sadness,-1,#jonaswebcast i just missed it!!!!
love,1,"Goooooodmoring , I don't want to be up I am YAT   happy birthday again @its_aygee !"
love,1,"is chilled out tonite, so cannot spew venom or write funny. Seems like these are the only 2 styles she has"
hate,-1,"my mind is racing ... b/c of 4 words he wrote.  I hate him, but I hate her most. ... and I can't keep from falling for him"
sadness,-1,@Mona26 Aw where are you headed to? i just cancelled my trip to Aussie
love,1,Am in the mix on the Galaxy weekend! Love(d) my Friday show! Sweet! Make the most of this one if your listening
love,1,@markiti The sweety sat on the table this morning...Just woke up! Very sweet! Oh...btw...I think i'll be home around 7 pm!!!  Xxx
love,1,"Laura's gone for the weekend, I miss her already!"
love,1,"@dollymix184 Wow, I've officially lost all faith in Britain, looks like our wishes weren't met, sadly"
sadness,-1,@lozzyx NOICE. I realised that after exams I have 2 more weeks  Forgot about the whole 2 weeks of Unit 4 in term 2 thing :/
sadness,-1,"how I wish my parents put me into a Chinese school when I was younger. Then, it'll be so much easier for me to get a job..."
love,1,Had a fantastic day with an amazing girl! Just wish Sara didn't have to go home.  #fb
hate,-1,How cold is it out in Sydney tonight...
hate,-1,"bah, i h8 waking up"
love,1,@Shan_Shan_West Im so excited to see u!! Its been forever  My lil Shan Shan gettin married!!  PS Did u really get a tattoo?? Lol
love,1,inside on a beautiful day!
love,1,@ToplessRobot those aren't even the old dolls...they are the new ones that look like sailor moon!
love,1,@tommcfly can't you write a song without your guitar? i thought you could  look for something to do!
love,1,"Altona... Wogs, Gota love em.. All I can smell is awsome food and makes me hungry"
love,1,i no i no bt i had only been a gamer for like 2 years when i made that attempt  lol yea i luvd F1 to an extent @yellowshirts
hate,-1,@chuybe again your fault  i didnt make u leave
sadness,-1,"@hobosexual lol.  When I went to buy my new laptop in Feb., I already knew, lol, but I looked anyway and walked away sadfaced. :/"
love,1,missing bham
love,1,turning in.  it's been a loooong day.  just got my new US edition Esquire so going to fantasize that I could one day look like Megan Fox.
love,1,@charviray Charlene my love. I miss you
sadness,-1,today we say goodbye to the second good friend in a week from dmp  but at least the sun is shinning and I'm definately NOT working this pm
hate,-1,"i hate working, especially when the weather is good"
love,1,@kyoisorange oh right aww yeh well 5 is loads  love youuu  x
sadness,-1,"@rscheuer sorry, is only in spanish for the moment"
love,1,@thomasfiss i think you should come tomarrow....because i was really really really looking foreword to seeing you.......please come?
love,1,@raZeiger i think @taylorswift13 missed me tooo
love,1,Just got my heart ripped out  i love you guys
love,1,I loved johnny carson now I'm going to hate seeing jay leno go  (via @womanschitchat) that's what I was waiting for someone to say!
sadness,-1,dont wanna work 11-830 tomorrow  but i get paid
love,1,http://twitpic.com/670pn - she is so cute really i really want to meet her  wish one day
hate,-1,I hate doing homework.
love,1,@Leikela4 glad its nice there. Gray skies and rainy in wisconsin.
hate,-1,@markbuchholz the non-Europers managed to dump the sun here! its gonna be a hot time now!
hate,-1,and this stupid wireless wont work downstairs
love,1,@ispybeauty philly was soooo fun. im trying to come to sea isle asap. im working alot the next two weeks tho b/c alot of peole asked off
love,1,looking forward to seeing the relatives... maybe home from Toronto soon
love,1,"@tommcfly My eyes are starting to hurt! It's getting super late. But I just gotta keep tweeting. Haha! Philippines tour, please, Tom?"
love,1,Farewell dinner with my kimmy. Last time i'll see her in a while
sadness,-1,not well
hate,-1,@digicho I'm inclined to think it's stupid.
sadness,-1,@johneast I've missed one this year(!). It's the forbidden fruit. Of all the trees in the garden I munch in disappointment on that one.
love,1,@spencerpratt hey u havent spoken to ur london bff for a while Whats up! wish i can vote  brody's here soon ill tell him 2 vote 4u from me
love,1,I have the biggest crush on Pink but she doesn't know I'm alive
sadness,-1,Not feeling too good
sadness,-1,"There's Nothing To Do Right Now And I'm Tired But I Don't Want To Sleep. Cleaned Up Pretty Good, So Proud. At Least I'd Be A Good Janitor"
love,1,I wish I had a dog
love,1,@tommcfly Do a tour in the Philippines sometime.  A lot of fans here would really love that!
hate,-1,Wondering how come mcdonalds take so long to deliver my food.
love,1,I think I love a part of me saying some cynical words. Even though I smile when I say them. Do you think it's bad?
hate,-1,My stomach is killing me do j can't sleep
sadness,-1,ALO is so sad and quiet and empty tonight
hate,-1,Have to go to work  typical sunshine and deep sleep; stupid friday.
love,1,I love you and I miss you so much!!!!
hate,-1,@tiffalo cuz airlines are super lame.
hate,-1,Bad internet. . . Its been down all night. . .
love,1,I miss you sweetie!
love,1,@wamarineangel awwwwww  *hugs*
sadness,-1,home from ice cream tweet-up (my very first tweet-up!) No pics because my camera battery died last night and i forgot to charge it
hate,-1,"@powertwitter Not a fan of the layout change of hyperlinks. I don't like the indentation and, well, I'm clicking and no link shows."
love,1,"The pics I just uploaded are the baby pics of my cats. Missy is now an adult and a pretty little kitty, but Batty is in kitten heaven now"
love,1,"@Rockergirl75 And now she also rides giant squids...who knew! Ama hafta go now  i'll try and get on later, love to you xxx"
sadness,-1,http://bit.ly/3W9w1  NOOOO! he goes for Orlando! OMG  I'm gonna CRY!!!!!!!!
love,1,@thomasfiss we want you back !!!
sadness,-1,I don't want her to leave..
love,1,@sevinnyne6126 Lindsay we are your spanish fansite and we love you www.ultimatelohan.org please reply us  I wish you a good flight &lt;3
sadness,-1,@MacZombieRawr  I wish I had Left 4 Dead. But first I'd need something to play it on...
hate,-1,hates the net. ayaw bumukas ng twitter.  http://plurk.com/p/wxlxs
sadness,-1,Up late with nothin 2 do.....
sadness,-1,"@AmandaMallard i'm not at chaseton's either  please don't die, my heart will be really sad"
love,1,"it's you and me forever ?, it's you and me right now   flywithmeobsessive. Im crying"
hate,-1,@meljachin: eww. dislike
love,1,"@cjwilliams1975 @barmanandy We were in Lindos, and it absolutely ruled. Will post some pictures somewhere, some time. Back to work today"
love,1,Photo: martwo: OMG i love you!!!! i accadentally deleted this photo  yay hes SO beautiful http://tumblr.com/xvd1wankt
love,1,@almcheese alms ur tweets r all delicious. Haha! Since its about foodddd... Anyway gatau nih aku mau pindah dr binus
sadness,-1,@JasmineCJones  I was just thinking the same thing! I love our morning chats! We totally need 2 live 2gether full time. Lol
hate,-1,Layin n bed with a headache  ughhhh...waitin on your call...
love,1,"So far absolutely perfect. Great view, directly across from the elevators and ice machine and impecible weather. I need my bike."
sadness,-1,"@IsaacMascote  i'm sorry people are so rude to you, isaac, they should get some manners and know better than to be so lewd!"
love,1,Jesus Christ meadowhall could do with better air con! Too hot
love,1,really wants a puppy...
hate,-1,"@mrskutcher  Where I live, all the small markets deliver their day-old bread to the food bank, but times are really tough, even for me"
hate,-1,don't you hate it when you finish all your work and there's still 1.25 hours left of work time
love,1,@anberlin Welcome to Seattle! I really wish I could see you guys tonight.
love,1,i have an ipod nano i never use.tut for the love of all things Apple
sadness,-1,I feel so deflated. No more doggy.
sadness,-1,@half_a_mind Chris and I are staying in Glasgow instead cause there is absolutely no accomodation in Edinburgh due to the marathon
hate,-1,@Epiphora I will never forgive you for burying the erotica. You're snuffing out our love.
love,1,is having the last supper with his little angel.
love,1,@anrserge addict? Me? Okay I admit I need help  BUT... I have been writing hits big bro. I really really have *smile*
love,1,I wish I had someone to enjoy a drink with outside on this beautiful evening. @lilracedevil we need to live closer to each other!
love,1,@kirstiealley funny u havent showed me any love yet at all
hate,-1,I have to work in the morning while my friends get to party it up.....stupid bberry lite flashing red and I have no messages!
hate,-1,@AravindJose thanks dude. Being a low level business man its hard to get normal credit cards..also our place is not listed with any bank
sadness,-1,"I'm so unhappy being here. I hate it. It's affecting everything. My relationships with people, my personality, my attitude..."
hate,-1,"is tryna find her a 30 yr old junt with a 401 k, stable job, good home with an extra room 4 me and my baggage..so tired of u young dudes"
love,1,Happy Mothers Day  All my love
love,1,want to see him so badly
love,1,@nick_carter Hey Brian Littrell is there!! He doesnt really like this kinda pages rigth?  kisses! I loev you guys!
sadness,-1,Taylor Swift and Joe Jonas looked really good together. I'm kinda sad they broke up.
sadness,-1,@nzdeany I've given up on pizza - kids would never let me have my fav  (the hot ones)
love,1,I just made myself a wonderful breakfast!!!!!!!! Now I have to get ready to workout
hate,-1,my roommate @tess_tickle loves to ignore me
sadness,-1,oh no my tweetdeck is malfunctioning :O il have web will its fixd
hate,-1,think i may have broke a toe at the bar tonight......thanks drunk girl for steppin all over me!!!!!
love,1,sorry @RockinChick09 I Havent Ate Breakfast Yet So Ima Go Eat Over There lololol and my pc is dying  bbl love ya
sadness,-1,@joek949 It's depressing I'm stuck inside all day
love,1,im pretty sure i miss watching &quot;Yo Gabba Gabba&quot; with my niece
sadness,-1,"bout to watch notorious cause that's how i'm feelin now. wish i could eat something, but i can't.  surgery tomorrow. no food til saturday"
hate,-1,It is so annoying when she starts typing on her computer in the middle of the night!
sadness,-1,Sorry was that mean
love,1,"@yelyahwilliams Haaaayley, i saw some pictures from the tour, you're so pretty *-* i wanted to see u guys again"
hate,-1,@Brookeleeadams hang in there- health should be priority #1 right now! i do hate seeing good people get mistreated so i'm genuinely sorry
love,1,@paulineee: I know!! Im so excited. We cant go earlierrr than the afternoon?  I love you tooz &lt;3
sadness,-1,Can't sleep. Ugh. The one day i have to sleep in and i have to get up and go shopping with mom. Ugh.
hate,-1,@guitar21g @jackie_hussein i have to wake up earlier than i thought.. my dad wants me to take him food at 9AM! no0o0o0o!
love,1,I really fancy a frappuccino from Starbucks right now
love,1,@neyoofficial: love the song &quot;together&quot;. that's &quot;his&quot; song for me...well i think it's still is
love,1,@LolliroyAngel yep im very jelous too  id love to be in miley position haha x
love,1,"@love_Jamie How are ya, honey? What happend to @LarissaBootz account  ?"
sadness,-1,Blackout in the city is never good
love,1,wish i can be with her every day
hate,-1,I hate it when this computer screws up and decides not to play sound on videos
love,1,@2TuffDC i dunno what i'm gonna do. i love my skinny jeans!
love,1,at starbucks with my love. eff school. i have work later too.
hate,-1,@melluffsyew Umm yeah. That's probably a pretty good note to self because eeeeeewwwwwwww.
hate,-1,Waiting for my driver! Hate to wait!!!!!
love,1,@amandagelso i know  mark is still one of my favorite boys ever. So nice and adorable.
hate,-1,@IamYeTe Waraku is tasteless and expensive! Portion is so little!!!!!  re: waraku
love,1,@SexyKellyC hey chocolate chips is good.  i want a snack too but i'm out of snacks.
sadness,-1,I'm poorly and can't sleep
sadness,-1,Yea i just saw this really sad commercial
love,1,Ahhh I am sooo happy Ashley Tisdale is in Germany but I am not in Oberhausen...  But i will show it in the TV at 8 o' clock yeah I love it
love,1,"@tommcfly Would love it if you guys toured here, really! Philippines tour?"
sadness,-1,Now I am depressed after watching so you think you can dance
love,1,"@Jackobeanz I'm blue.  In other news, you will love tonight's DC!"
love,1,@jroberson4 Good luck at the services tomorrow!! I wish I could see you guys on your vacation!
love,1,"@daveockun I hate you , Fleetwood is my favorite band...I'm so jealous  ok I still love you haha"
love,1,"Home until tomorrow. Did my running and spinning. Now time for chiropractor, laundry, shopping, and visiting family. Missing nathan"
love,1,@soscandalous love you ::hugs:but i'm not seeing anything...wondering if i'm doing something wrong)
love,1,"@backstreetboys I'd love for Nicky Poo and Bri &amp; Howie &amp; Aj, to wish me a happy birthday  please please please please pleaseee guys.."
sadness,-1,Matty is le tired.
sadness,-1,*sigh* I'm going to bed... I just don't feel right anymore...
hate,-1,rah rah. youtube isn't working again. oh great
hate,-1,@WoWInsider I would be playing my old rogue but a friend took the account and could not get it back
love,1,@Rhea_C hahaha i agree. im s glad Aiden won tonights show and greg should have got the other place
hate,-1,feels like crap whenever she lays down. @)(1+-'$#! I hate heartburn &amp; backaches!
hate,-1,"wants to move to QLD already, this cold weather is killing me"
sadness,-1,Nite Tweeple.  Tomorrow will be day 25 at work.
hate,-1,"@stevecruzblog  It is so unfair, Hustlaball, US citizens working here, Personal Appearances Expectations, Prowler, can I do that there?"
hate,-1,Hates having to sleep alone
hate,-1,Bluedart takes a shipment all the way before figuring out &quot;No Deliver&quot; and then bring it back! Databases anyone?
love,1,is back home now      gonna miss every one
love,1,"Cupcakes, creme brulee, tiramisu~ I want some sugar"
love,1,"@annavzang but if you got hit by a car, who would make such lovely music?"
hate,-1,@Kikirowr Downside though is that you're breaking the thread.
love,1,@Rob_Hammond Were on the way home from a night in London! Was lovely! Now working all weekend and Monday  when the weathers nice x
sadness,-1,Have decided I just can't stand @GuyKawasaki's Alltop spam any longer.
love,1,@mileycyrus tell me where to vote and I will do so!!!! cause I'm from Germany I don't now where to do it..  btw: I love you and your music
sadness,-1,its funny. i'm kinda sad on my last day
love,1,@tommcfly aww bless  haha your cute Tom
hate,-1,dammit! hulu desktop has totally screwed up my ability to talk to a particular port on one of our dev servers. so i can't watch and code
love,1,"@charmmydoll I will take pics soon :] Also, I would hang out with you everyday if we lived near each other"
love,1,Heyy.thnxx.or.inviting.me.to.ur.party.rob.ill.be.down.there.on.june.24th.ill.miss.u.when.u.go.to.italy....   &lt;333333333 txt.me.hon!!!
love,1,using my brothers G1 phone.. love it! driving to vegas... my phone died this morning and my charger broke
love,1,@thomasfiss @drewryanscott i jus listened 2 'not okay' it's nice i lik it.. I've been thinkin abt thomas throughout e whole song..  luv ya
hate,-1,@GGSerena boo you didnt answer my text
hate,-1,Ugh! I have to beat this stupid song to get to the next  rude!
love,1,Happy Friday. Just pulled some yummy radishes out of the garden. Hope the strawberries turn out. Still no blooms.
sadness,-1,@Saresa And I feel your pain.
hate,-1,The storm is here and the electricity is gone
love,1,@tgrburningbrite SO addicted to colourlovers  Such a time sink!
love,1,@clovisdied *hugs* me too.
love,1,Ok so I did shed a few tears watching the preview for next weeks Medium. I'm so scared. I'm so addicted to this show. I love it
love,1,"@LishaKatherine i hope your doing great! I, your friends, and california miss you!!!"
hate,-1,my eyes are streaming!! i HATE hayfever  it's so bad even my tablets aren't working!
sadness,-1,finally accepting the fact that all cute guys are taken
hate,-1,@avrilchan never invite
sadness,-1,so tired and i think i'm definitely going to get an ear infection.  going to bed &quot;early&quot; for once.
love,1,@oneofthosefaces i know im inlove with  @katyperry actually..
hate,-1,Sooo.....I'm kinda o sick n tired of the bs that guys dish out  !!!!!!!!
love,1,@StylistaMunchee I lluuvv u too..  ahhh im gonna miss u evenn moreee! lol
love,1,saying goodbye to my parents at the airport.  it was great having them around.
love,1,"I spent my whole dream cooking a delicious meal, but I woke up before I got to try it"
love,1,thinking of you - Katy Perry
love,1,@mileycyrus http://twitpic.com/336u5 - i love her too !!! she shouldve won
sadness,-1,just uploaded my new blog... a painful story about an 80s year old man who cried because he wanted to die... very sad
love,1,"Steve makes fruit smoothies for me each day &amp; they are berry delicious, I made mine today &amp; it was berry, berry bad"
love,1,Love my mum.
sadness,-1,@ lyrically_Me   Why would you do that to me?!
sadness,-1,Sometimes the things you say hurt the ones you love most unintentionally.  And you can never ever take it back or fix it.
love,1,baby alex i miss you  ily&lt;3 good night&lt;/3
love,1,"I can't wait till it's Sunday, a new episode of Supernatural but then there are only 6 episodes left now"
love,1,NOOOOOOOOOOOOO! Amanda's cut her hair!  I LOVED her hair !
sadness,-1,"@SuzyDunkley sorry bout the cat,"
sadness,-1,So sleepy again and it's not even that late. I fail once again.
love,1,Rele doesnt want to leave lfpa.
love,1,Not babysitting tonight. I miss that kid.
love,1,@albamayo...I just posted my First video... A contest entry and my still is terrible too  boo...luv ur videos btw. Xxxrebelrebelxxx
hate,-1,morning again! I hate mornings. So offensive!
sadness,-1,@BarbSchaefer yearling in pet home died... very sad for their whole family
hate,-1,hates typing on a mac. wishing that i'll be done my english essay soon.  sleeeepy
love,1,@alejandro_jg hahaha i don't owe you anything; now you owe me a red LOL te amo idiot hahaha te veo ahasta el lunes
love,1,@westonbuck i want a zune but i looove my pod  hahah
hate,-1,Omg grr my parents left probably 15 minutes ago to belgium and typical i wake up a stupid o'clock
hate,-1,"Taking back the HORRIBLE shoes my mum made me get.. urgggh. They are some nasty footwear! Problem is, I can't find any other shoes!"
love,1,"@katismonster i wnt there yesterday!  wish u could go with me someday u,u LOOVE YA &lt;3"
love,1,I miss @abhorredlife so much  I wish I had enough money to be with him again
love,1,I want to go to Peru this summer ahhhhhhh! Hopefully! Yesyesyes! I miss it over there!!!
love,1,"@laurenhobeast As much as I loved Texas, my dislike for needles could interfere."
love,1,@VFavors awww mannnn  shoot I wish I could make it to your flight! I'll take vegas..trust!
sadness,-1,farewelling an employee tonight...
hate,-1,it keeps rainin on me
love,1,@yargman i havent seen you all week
love,1,really wants to go see AI tonight.
love,1,@AntBoogieWorld Wish you were coming to Australia &amp; New Zealand with the Sticky Tour Ant
sadness,-1,"@ElectraX ...i'm sorry about you are still sick  u know most of them, AND i know that u will guess the &quot;pelzer present&quot; ;-)"
sadness,-1,@Miss_Rain oh what the hell  way to tell me.
love,1,Loves using remote access to use my desktop from my laptop.  -- Back from Emerge once again.
love,1,"@RetroRewind Ahh Dave Canada isn't included  That's okay, we still love ya!  Let's get this!"
love,1,I thought when u go #2 your tummy is supposed to feel better not worse
love,1,contemplating borrowing one of my moms dogs just for today..i want to take care of someone.
love,1,dang i miss you  goodnight
sadness,-1,@DHughesy ME! oh wait wrong state
hate,-1,Any city person want to trade n live in the country? House comes w racoons n skunks livin under deck. *sigh*
sadness,-1,"Just cross 'cause I'm stuck twiddling my thumbs now, ugh"
sadness,-1,I can't believe the Metal Gear Solid song was stolen    I'm so disappointed  http://bit.ly/YKkSu
love,1,"Maaaaaan what a lovely day, shame that the ice-cream man near our workplace decided there was business elsewhere before we got a 99"
love,1,@marianalizbeth yayy!!! Im gonna see you today! I miss you!
love,1,I wanna see that movie &quot;Keith&quot; with JMcCartney in it! It looks sooo good. But none of the video stores here carry it
love,1,"@JenRajpura HAHAHA, I'm going to be so disappointed that I miss this   But if you go HAVE FUN!!!"
sadness,-1,Took a shift tomorrow.    I don't really feel like working right now.
love,1,I hope you come over today...its almost 8  Ill be leaving at 8:30 if you dont show up...I love you &amp; good morning.
hate,-1,@dragonflyeyes nick's voice still makes me wanna kill things
love,1,@KirstenAlexa I KNOW! I love Nicholas Braun &amp; I think he'll make an okay Cameron but I don't wanna see it either
love,1,totally forgot she had soccer today. ugh  today was actually good too...
sadness,-1,"@StarOnMaineSt idk lol my head hurts. rly bad. &amp; so does my stomach... hmm... personally, i think its from all the #s ive had 2 deal wit"
sadness,-1,went to the cd store to search for the cd. But
hate,-1,I hate the new mt dew commercial..the one with a giant mosquito..it scares me and grosses me out all at the same time.
love,1,@AnnetteStatus I luv urs! admitting niley with a kiss (: but then they change their minds  haha &amp; demi/sterling (: not jemi but still cute
love,1,"2.5 years here &amp; left Dell OKC for the last time. And being the geeky girl I am, I waited to cry until I got in my car.  Love you all!"
love,1,@JessicaHarker !! I miss you too.
love,1,@BrandFancier oh ok  well im sendin lots of love xxx
love,1,"Lunching and bike riding around the village today with Lulu. Love my new bike, just wish I didn't have to lock it up all the time"
love,1,@pleasurep Just read that message about u being at Stephanie's in Greensboro.....love it! I miss my home!
hate,-1,my stupid tooooth hurts
sadness,-1,@maliciousmandy1 Adam Samberg + new moon trailor = good evening. Too bad my cable is off as of friday
hate,-1,@ksutt11 ohhhh thunderstorms...boo  why do they always have to make the power go out??
hate,-1,"I hate Bakersfield and I hate the Ports, let me go home already.  I want to start my vacation."
sadness,-1,Is going to sleep not peaceful  wanted to hear him say Good Night but that didn't happen  Good Night everyone....
sadness,-1,@joiskol  being in your room makes me sad.
love,1,"@Jessicaveronica MARRRRRRRRRRY ME! &lt;3 have fun partying tonight, have a drink for me, if only i was 18 i wud come there just to see you!"
love,1,@OfficialMelB Happy Birthday Mel. We miss you in the UK
hate,-1,"sososo bummed, like really bummed, i hate this rain, ruin my date..."
sadness,-1,but now i have no money for a phone
hate,-1,"im gonna die of a heart attack one of these days, if i keep going off to bed this angry.  GGGGGGG'NITEEEEEEEE"
love,1,"lovely day again... hope it continues all weekend, I'm stuck at my desk today"
hate,-1,"Just been bitten by SmoothStreaming, it doesn't seem to work for my client's linux users...fan-fricking-tastic"
love,1,@CristaltheGreat  ok Cristal we gonna tweet talk again when its not so late...just follow sweetie....tweethug 4 ya
hate,-1,@MissMadalena err i think they're like 15 bucks a ticket cause its 3D too. too expensive
love,1,I am watching Blood + on veoh episode 19 love the music.wishing i could watch the live action but not old enough
hate,-1,Arghhh So annoyed-yet again gone 2 starbucks &amp; given skimmed milk instead of soy milk!! I can't have milk so hav 2 throw away! Expensive
love,1,@wishinghearts oh wow! I have to work on Sunday  but I'm off on Monday if you're still in town!
sadness,-1,Funeral ceremony...gloomy friday...
sadness,-1,@t_isfortammy Sad tweets are sad
love,1,"@ddlovato july 21st!?? that means at your concert I won't know all the songs.  oh well, yay demi!! &lt;3"
love,1,Just finished The Minish Cap. It's a great game! I'll miss Ezlo and Link.
love,1,"Just finished The Village. So in love,could watch it over and over! Wonder why I can't get to sleep tonight"
love,1,@mizplunderbunny *hugs* why?
love,1,Ok so my sister is going camping I'm so mad because i have to work tomorrow      have fun
hate,-1,This train is so squeaky its givin me a sore head its bad enough i have to go to work!
love,1,"@Jonasbrothers love much better, i want you call me"
love,1,LOVE getting gifts in the mail from my very wonderful friends back home!! How I miss Myrtle Beach so much... A little homesick today
sadness,-1,Ahh man up and getting ready for work  I wanna sleep!!!
hate,-1,i'm so sick   bad throat and the WORST toothache.  good thing i work in a pharmacy.  load me up with drugs!!
love,1,@arian_marie:my heart goes out to you
love,1,@Snuva Mmmmmm I love curry. Don't have an Oregan though.
hate,-1,Another Day gone by....  Have to wake up early again tomorrow
love,1,"@crystalchappell Have a wonderful weekend at home! Good day today (it's Friday!), but no Otalia today (*tear*)  Lots of love to you!"
love,1,@ddlovato i can`t wait to hear your new album. i`m sure will be amazing.please just replay to me  i love you so much!!!!
love,1,wants see my friends  ;-) http://plurk.com/p/wxnwa
sadness,-1,Honza takes his flight back to the Czech Republic in the morning  I'm really going to miss him.
love,1,@MaritessDeLeon aww tessy wanna hug?
love,1,"@jennifalconer WOW never seen him before , he's bloody awesome , I think bcoz George won last year however could be bad for him  x"
love,1,"@ScotDale i dont, i'm not allowed to vote  perants complain about the cost so dont let me vote. but i love his act its just so different"
sadness,-1,Jenny fell asleep and didn't come over
love,1,Fallen in love with enter shikari again. Might go for a walk with the lady later. @work now though
love,1,Looking at old pictures... I love it &amp; miss the good ol days
love,1,I wish I was going to we love sounds
love,1,"i want my WOOSOO like now plz  i gant wait, knowing she's so close is driveing me NUTTS"
love,1,@yellowflowers87 aww I don't want u to suffer  it's just Midol isn't working for me. Grrrrr I hate that stuff. But I love you tho.
sadness,-1,Too bad the Red Devils.. disappointing to say the least
love,1,@MrsSOsbourne Hi Sharon Missed you on our x factor last year!!  Come Back!! x
sadness,-1,"Working from home today, my back is killing me  Doctor and then physio after later today."
love,1,@pixiexlee Ahh but but  haha They're so cute together!! &gt;_&lt; cutest couple really! he's so sweet !
love,1,@kekeinaction Thats ok...ur a good person + My Idol soo good people deserve sum good comments..hows the weather ova der --London is cold
love,1,The arrival of cargo Red G5 to Toronto has been postponed til tomorrow afternoon.  gonna miss my lil bro's bday...he's been waiting 4 me!
love,1,@ShaunCallahan wowzers! thanks! bang bang misses you on the dance floor
hate,-1,i hate being sick. i miss @cynthiasheree @lucyowns and @larilync
love,1,@michemo Bristol's is the ish! I LOVE their brunch on Sundays. Ruth Chris is good too but I got sick there once.
hate,-1,@BrodyJenner if u watch the hills in london u will realise what tourture it is because were weeks and weeks late  i just watch itonlinelol
sadness,-1,Had to cancel wow for now
sadness,-1,"@gcrush @nopantsdance i was just thinking about how excited i am for you guys to move, but then i realized how sad i am to see you go."
sadness,-1,Ok. Time to nodd off its gonna be a long day tomorrow. Saying goodbye to my car for good
love,1,oh greg  i want to hug you.
love,1,i'm gonna miss eddy if we're half the country apart
